ep,skip
297,0:04:50
298,0:06:50
299,0:05:20
300,0:04:25
301,0:04:20
302,0:05:02
303,0:02:04
304,0:05:35
305,0:04:35
306,0:05:15
307,0:05:45
308,0:05:47
309,0:04:45
310,0:04:57
311,0:04:23
312,0:03:30
313,0:04:30
314,0:04:30
315,0:03:26
316,0:03:13
317,0:03:11
318,0:02:40
319,0:02:40
320,0:03:07
321,0:05:40
322,0:02:58
323,0:03:45
324,0:03:15
325,0:03:35
326,0:05:30
327,0:04:13
328,0:03:59
329,0:04:45
330,0:04:47
331,0:05:05
332,0:03:45
333,0:03:50
334,0:05:10
335,0:03:35
336,0:02:46
337,0:03:20
338,0:04:47
339,0:05:15
340,0:04:28
341,0:04:36
342,0:05:21
343,0:05:05
344,0:05:50
345,0:06:32
346,0:06:00
347,0:06:19
348,0:05:43
349,0:06:02
350,0:04:36
351,0:06:14
352,0:05:44
353,0:03:55
354,0:06:41
355,0:05:30
356,0:05:40
357,0:04:16
358,0:04:27
359,0:06:55
360,0:05:33
361,0:04:27
362,0:05:29
363,0:04:40
364,0:07:34
365,0:05:47
366,0:05:04
367,0:05:03
368,0:05:08
369,0:04:48
370,0:04:36
371,0:05:50
372,0:04:30
373,0:05:00
374,0:06:53
375,0:03:47
376,0:05:30
377,0:07:15
378,0:03:47
379,0:04:47
380,0:03:55
381,0:04:15
382,0:02:45
383,0:03:50
384,0:03:22
385,0:03:22
386,0:04:30
387,0:05:08
388,0:04:09
389,0:03:53
390,0:04:04
391,0:05:15
392,0:04:42
393,0:04:02
394,0:03:50
395,0:03:44
396,0:04:03
397,0:05:48
398,0:04:37
399,0:06:00
400,0:03:56
401,0:04:27
402,0:06:31
403,0:06:07
404,0:05:46
405,0:04:05
406,0:02:47
407,0:04:30
408,0:05:22
409,0:05:19
410,0:03:52
411,0:04:55
412,4:26:00
413,0:05:47
414,0:07:06
415,0:04:23
416,0:03:02
417,0:04:40
418,0:03:49
419,0:03:52
420,0:04:08
421,0:05:02
422,0:04:20
423,0:06:02
424,0:04:13
425,0:04:08
426,0:04:22
427,0:04:23
428,0:04:20
429,0:05:08
430,0:05:10
431,0:04:36
432,0:04:48
433,0:04:12
434,0:04:56
435,0:04:27
436,0:06:10
437,0:04:21
438,0:04:43
439,0:04:45
440,0:04:00
441,0:04:06
442,0:05:01
443,0:05:27
444,0:04:22
445,0:05:19
446,0:03:56
447,0:05:37
448,0:06:08
449,0:04:35
450,0:04:55
451,0:04:58
452,0:04:50
453,0:04:55
454,0:03:56
455,0:05:03
456,0:03:45
457,0:03:47
458,0:03:35
459,0:03:52
460,0:04:50
461,0:04:38
462,0:05:08
463,0:04:57
464,0:05:30
465,0:04:19
466,0:04:30
467,0:07:08
468,0:04:07
469,0:05:45
470,0:04:24
471,0:04:14
472,0:06:43
473,0:05:52
474,0:04:35
475,0:06:29
476,0:06:04
477,0:05:42
478,0:05:41
479,0:05:10
480,0:05:18
481,0:05:08
482,0:04:21
483,0:03:50
484,0:04:56
485,0:02:50
486,0:04:31
487,0:04:08
488,0:06:04
489,0:04:31
490,0:04:25
491,0:04:00
492,0:02:46
493,0:04:24
494,0:04:34
495,0:04:01
496,0:03:52
497,0:04:05
498,0:05:05
499,0:04:11
500,0:03:55
501,0:04:42
502,0:03:58
503,0:03:55
504,0:04:26
505,0:04:52
506,0:04:50
507,0:03:50
508,0:03:50
509,0:04:00
510,0:04:02
511,0:04:09
512,0:03:50
513,0:04:41
514,0:03:47
515,0:04:50
516,0:04:40
517,3:00-5:26
518,0:04:54
519,0:03:06
520,0:04:00
521,0:04:26
522,0:04:41
523,0:04:09
524,0:04:23
525,0:04:41
526,0:04:20
527,0:04:51
528,0:06:10
529,0:04:16
530,0:03:55
531,0:03:41
532,0:04:42
533,0:04:53
534,0:03:42
535,0:03:34
536,0:05:25
537,0:05:10
538,0:05:10
539,0:04:26
540,0:04:20
541,0:04:10
542,0:02:45
543,0:04:23
544,0:04:07
545,0:04:23
546,0:04:25
547,0:03:35
548,0:04:16
549,0:05:37
550,0:03:50
551,0:05:10
552,0:04:48
553,0:05:43
554,0:05:43
555,0:03:37
556,0:05:45
557,0:05:15
558,0:05:50
559,0:04:47
560,0:05:19
561,0:05:57
562,0:04:25
563,0:04:44
564,0:05:33
565,0:05:00
566,0:04:42
567,0:05:35
568,4:29:00
569,0:04:14
570,0:04:27
571,0:05:23
572,0:04:56
573,0:04:10
574,0:04:43
3D2Y,13:38:00
575,0:03:44
576,0:04:22
577,0:04:55
578,0:04:52
579,0:05:23
580,0:05:37
581,0:04:20
582,0:05:12
583,0:04:36
584,0:04:33
585,0:04:14
586,0:05:28
587,0:05:45
588,0:05:04
589,0:04:33
590,Not on Crunchyroll- Filler crossover
591,0:04:51
592,0:05:40
593,4:59:00
594,3:55:00
595,0:03:57
596,0:05:15
597,0:04:56
598,0:04:47
599,0:04:07
600,0:04:35
601,0:04:40
602,0:05:31
603,0:04:15
604,0:05:43
605,0:05:40
606,0:05:06
607,0:07:04
608,0:05:40
609,0:04:24
610,0:05:14
611,0:04:10
612,0:04:47
613,0:05:24
614,0:04:46
615,0:04:54
616,0:04:23
617,0:04:35
618,0:05:45
619,0:04:38
620,0:05:25
621,0:05:29
622,0:04:04
623,0:05:50
624,0:05:03
625,0:05:04
626,0:04:16
627,0:04:33
628,0:04:06
629,0:04:07
630,0:03:51
631,0:06:09
632,0:03:55
633,0:05:05
634,0:04:35
635,0:04:57
636,0:05:25
637,0:05:17
638,0:05:20
639,0:04:53
640,0:04:41
641,0:05:06
642,0:05:48
643,0:04:12
644,0:04:18
645,0:04:26
646,0:04:18
647,0:03:42
648,0:06:48
649,0:05:19
650,0:05:07
651,0:04:03
652,0:04:03
653,0:04:48
654,0:05:33
655,0:05:14
656,0:05:51
657,0:04:37
658,0:04:00
659,0:04:12
660,0:05:27
661,0:05:21
662,0:05:48
663,0:04:12
664,0:04:53
665,0:04:09
666,0:05:44
667,0:05:16
668,0:05:45
669,0:04:51
670,0:05:18
671,0:06:08
672,0:04:30
673,0:05:46
674,0:05:09
675,0:03:43
676,0:05:24
677,0:06:16
678,0:05:26
679,0:05:19
680,0:05:37
681,0:04:18
682,0:06:11
683,0:05:26
684,0:04:36
685,0:04:37
686,0:05:27
687,0:05:23
688,0:05:25
689,0:05:31
690,0:05:19
691,0:04:44
692,0:04:49
693,0:04:10
694,0:04:47
695,0:06:24
696,0:06:00
697,0:05:20
698,0:05:34
699,0:04:36
700,0:07:02
701,0:03:41
702,0:05:03
703,0:04:17
704,0:04:44
705,0:04:56
706,0:05:12
707,0:05:45
708,0:05:55
709,0:04:25
710,0:04:20
711,0:05:25
712,0:06:10
713,0:05:53
714,0:04:13
715,0:05:08
716,0:04:45
717,0:05:42
718,0:05:15
719,0:05:09
720,0:05:55
721,0:06:17
722,0:06:40
723,0:05:20
724,0:05:18
725,0:06:55
726,0:05:33
727,0:05:26
728,0:07:00
729,0:06:01
730,0:05:05
731,0:05:22
732,0:05:11
733,0:06:06
734,0:05:45
735,0:05:14
736,0:05:42
737,0:03:54
738,0:04:28
739,0:03:56
740,0:04:21
741,0:05:34
742,0:04:18
743,0:05:27
744,0:03:54
745,0:04:40
746,0:04:45
747,0:03:29
748,0:04:18
749,0:05:15
750,0:05:54
Heart of gold,
751,0:04:45
752,0:03:55
753,0:04:04
754,0:05:15
755,0:05:27
756,0:04:23
757,0:05:14
758,0:06:18
759,0:06:35
760,0:05:58
761,0:05:54
762,0:05:09
763,0:05:12
764,0:05:50
765,0:06:04
766,0:04:47
767,0:04:15
768,0:05:15
769,0:05:44
770,0:04:49
771,0:05:25
772,0:05:32
773,0:06:54
774,0:04:36
775,0:04:09
776,0:05:28
777,0:04:22
778,0:04:19
779,0:05:15
780,0:03:58
781,0:05:21
782,0:04:25
783,0:04:47
784,0:05:51
785,0:05:26
786,0:05:10
787,0:04:58
788,0:05:52
789,0:05:01
790,0:05:12
791,0:06:05
792,0:05:00
793,0:05:20
794,0:05:03
795,0:04:47
796,0:04:11
797,0:05:27
798,0:05:53
799,0:05:14
800,0:05:03
801,0:04:35
802,0:05:16
803,0:05:32
804,0:03:27
805,0:03:32
806,0:04:23
807,0:06:43
808,0:04:48
809,0:03:56
810,0:04:42
811,0:04:29
812,0:04:15
813,0:04:06
814,0:05:20
815,0:04:28
816,0:03:45
817,0:04:00
818,0:04:18
819,0:04:07
820,0:04:05
821,0:04:10
822,0:03:43
823,0:03:49
824,0:03:32
825,0:01:41
826,0:04:21
827,0:01:50
828,0:03:45
829,0:03:34
830,0:03:22
831,0:03:43
832,0:04:42
833,0:04:02
834,0:03:23
835,0:05:05
836,0:03:18
837,0:03:55
838,0:05:00
839,0:03:38
840,0:03:30
841,0:04:42
842,0:04:00
843,0:04:08
844,0:04:33
845,0:04:28
846,0:04:33
847,0:03:55
848,0:04:00
849,0:04:04
850,0:04:30
851,0:04:08
852,0:05:30
853,0:04:48
854,0:04:15
855,0:03:48
856,0:03:45
857,0:05:00
858,0:03:50
859,0:04:08
860,0:03:45
861,0:04:05
862,0:03:58
863,0:05:34
864,0:05:10
865,0:04:50
866,0:05:00
867,0:04:13
868,0:03:26
869,0:05:08
870,0:05:32
871,0:03:23
872,0:04:13
873,0:03:35
874,0:04:22
875,0:03:19
876,0:04:00
877,0:02:50
878,0:02:50
879,0:02:40
880,0:03:35
881,0:03:35
882,0:03:35
883,0:03:35
884,0:03:35
885,0:03:35
886,0:03:35
887,0:03:35
888,0:03:35
889,0:03:35
890,0:03:35
891,0:02:45
892,0:03:10
893,0:03:15
894,0:03:05
895,0:02:22
896,0:03:35
897,0:03:38
898,0:03:25
899,0:04:02
900,0:03:25
901,0:04:02
902,0:04:35
903,0:04:20
904,0:05:10
905,0:05:23
906,0:05:13
907,0:02:45
908,0:04:23
909,0:03:20
910,0:03:20
911,0:03:20
912,0:03:40
913,0:03:19
914,0:03:40
915,0:04:57
916,0:03:19
917,0:03:50
918,0:05:18
919,0:03:55
920,0:03:19
921,0:03:25
922,0:03:05
923,0:02:50
924,0:04:02
925,0:04:57
926,0:03:05
927,0:04:00
